PRAGMA foreign_keys=OFF;
BEGIN TRANSACTION;
CREATE TABLE IF NOT EXISTS "django_migrations" ("id" integer NOT NULL PRIMARY KEY AUTOINCREMENT, "app" varchar(255) NOT NULL, "name" varchar(255) NOT NULL, "applied" datetime NOT NULL);
INSERT INTO django_migrations VALUES(1,'contenttypes','0001_initial','2023-01-10 02:28:16.552510');
INSERT INTO django_migrations VALUES(2,'auth','0001_initial','2023-01-10 02:28:16.582508');
INSERT INTO django_migrations VALUES(3,'admin','0001_initial','2023-01-10 02:28:16.592509');
INSERT INTO django_migrations VALUES(4,'admin','0002_logentry_remove_auto_add','2023-01-10 02:28:16.602506');
INSERT INTO django_migrations VALUES(5,'admin','0003_logentry_add_action_flag_choices','2023-01-10 02:28:16.612508');
INSERT INTO django_migrations VALUES(6,'contenttypes','0002_remove_content_type_name','2023-01-10 02:28:16.632513');
INSERT INTO django_migrations VALUES(7,'auth','0002_alter_permission_name_max_length','2023-01-10 02:28:16.652510');
INSERT INTO django_migrations VALUES(8,'auth','0003_alter_user_email_max_length','2023-01-10 02:28:16.662512');
INSERT INTO django_migrations VALUES(9,'auth','0004_alter_user_username_opts','2023-01-10 02:28:16.672506');
INSERT INTO django_migrations VALUES(10,'auth','0005_alter_user_last_login_null','2023-01-10 02:28:16.692510');
INSERT INTO django_migrations VALUES(11,'auth','0006_require_contenttypes_0002','2023-01-10 02:28:16.692510');
INSERT INTO django_migrations VALUES(12,'auth','0007_alter_validators_add_error_messages','2023-01-10 02:28:16.702508');
INSERT INTO django_migrations VALUES(13,'auth','0008_alter_user_username_max_length','2023-01-10 02:28:16.712507');
INSERT INTO django_migrations VALUES(14,'auth','0009_alter_user_last_name_max_length','2023-01-10 02:28:16.766694');
INSERT INTO django_migrations VALUES(15,'auth','0010_alter_group_name_max_length','2023-01-10 02:28:16.786698');
INSERT INTO django_migrations VALUES(16,'auth','0011_update_proxy_permissions','2023-01-10 02:28:16.786698');
INSERT INTO django_migrations VALUES(17,'auth','0012_alter_user_first_name_max_length','2023-01-10 02:28:16.806696');
INSERT INTO django_migrations VALUES(18,'menu','0001_initial','2023-01-10 02:28:16.816697');
INSERT INTO django_migrations VALUES(19,'menu','0002_alter_menu_url','2023-01-10 02:28:16.816697');
INSERT INTO django_migrations VALUES(20,'menu','0003_alter_menu_url','2023-01-10 02:28:16.826697');
INSERT INTO django_migrations VALUES(21,'menu','0004_alter_menu_named_url_alter_menu_url','2023-01-10 02:28:16.836706');
INSERT INTO django_migrations VALUES(22,'sessions','0001_initial','2023-01-10 02:28:16.846697');
CREATE TABLE IF NOT EXISTS "auth_group_permissions" ("id" integer NOT NULL PRIMARY KEY AUTOINCREMENT, "group_id" integer NOT NULL REFERENCES "auth_group" ("id") DEFERRABLE INITIALLY DEFERRED, "permission_id" integer NOT NULL REFERENCES "auth_permission" ("id") DEFERRABLE INITIALLY DEFERRED);
CREATE TABLE IF NOT EXISTS "auth_user_groups" ("id" integer NOT NULL PRIMARY KEY AUTOINCREMENT, "user_id" integer NOT NULL REFERENCES "auth_user" ("id") DEFERRABLE INITIALLY DEFERRED, "group_id" integer NOT NULL REFERENCES "auth_group" ("id") DEFERRABLE INITIALLY DEFERRED);
CREATE TABLE IF NOT EXISTS "auth_user_user_permissions" ("id" integer NOT NULL PRIMARY KEY AUTOINCREMENT, "user_id" integer NOT NULL REFERENCES "auth_user" ("id") DEFERRABLE INITIALLY DEFERRED, "permission_id" integer NOT NULL REFERENCES "auth_permission" ("id") DEFERRABLE INITIALLY DEFERRED);
CREATE TABLE IF NOT EXISTS "django_admin_log" ("id" integer NOT NULL PRIMARY KEY AUTOINCREMENT, "object_id" text NULL, "object_repr" varchar(200) NOT NULL, "action_flag" smallint unsigned NOT NULL CHECK ("action_flag" >= 0), "change_message" text NOT NULL, "content_type_id" integer NULL REFERENCES "django_content_type" ("id") DEFERRABLE INITIALLY DEFERRED, "user_id" integer NOT NULL REFERENCES "auth_user" ("id") DEFERRABLE INITIALLY DEFERRED, "action_time" datetime NOT NULL);
INSERT INTO django_admin_log VALUES(1,'1','menu',1,'[{"added": {}}]',7,1,'2023-01-10 02:43:38.018836');
INSERT INTO django_admin_log VALUES(2,'1','menu',2,'[{"changed": {"fields": ["url"]}}]',7,1,'2023-01-10 02:56:41.395507');
INSERT INTO django_admin_log VALUES(3,'2','menu2',1,'[{"added": {}}]',7,1,'2023-01-10 02:59:05.747615');
INSERT INTO django_admin_log VALUES(4,'2','menu2',2,'[]',7,1,'2023-01-10 02:59:33.320070');
INSERT INTO django_admin_log VALUES(5,'2','menu2',2,'[]',7,1,'2023-01-10 03:01:37.544998');
INSERT INTO django_admin_log VALUES(6,'2','menu2',2,'[{"changed": {"fields": ["url"]}}]',7,1,'2023-01-10 03:01:50.696878');
INSERT INTO django_admin_log VALUES(7,'2','menu2',2,'[]',7,1,'2023-01-10 03:02:26.078216');
INSERT INTO django_admin_log VALUES(8,'2','menu2',2,'[]',7,1,'2023-01-10 03:02:36.230156');
INSERT INTO django_admin_log VALUES(9,'2','menu2',2,'[]',7,1,'2023-01-10 03:03:02.867513');
INSERT INTO django_admin_log VALUES(10,'2','menu2',2,'[]',7,1,'2023-01-10 03:03:25.908457');
INSERT INTO django_admin_log VALUES(11,'2','menu2',2,'[]',7,1,'2023-01-10 03:03:38.419486');
INSERT INTO django_admin_log VALUES(12,'2','menu2',2,'[{"changed": {"fields": ["url"]}}]',7,1,'2023-01-10 03:04:06.115826');
INSERT INTO django_admin_log VALUES(13,'2','menu2',2,'[{"changed": {"fields": ["url"]}}]',7,1,'2023-01-10 03:08:06.980453');
INSERT INTO django_admin_log VALUES(14,'2','menu2',2,'[]',7,1,'2023-01-10 03:08:37.016232');
INSERT INTO django_admin_log VALUES(15,'2','menu2',2,'[{"changed": {"fields": ["url"]}}]',7,1,'2023-01-10 03:08:46.602219');
INSERT INTO django_admin_log VALUES(16,'2','menu2',2,'[{"changed": {"fields": ["url"]}}]',7,1,'2023-01-10 03:09:58.338940');
INSERT INTO django_admin_log VALUES(17,'2','menu2',2,'[{"changed": {"fields": ["url"]}}]',7,1,'2023-01-10 03:11:07.890993');
INSERT INTO django_admin_log VALUES(18,'2','menu2',2,'[{"changed": {"fields": ["url"]}}]',7,1,'2023-01-10 03:14:51.838486');
INSERT INTO django_admin_log VALUES(19,'2','menu2',2,'[{"changed": {"fields": ["url"]}}]',7,1,'2023-01-10 03:16:05.587708');
INSERT INTO django_admin_log VALUES(20,'2','menu2',2,'[{"changed": {"fields": ["url"]}}]',7,1,'2023-01-10 03:16:17.974594');
INSERT INTO django_admin_log VALUES(21,'2','menu2',2,'[{"changed": {"fields": ["url"]}}]',7,1,'2023-01-10 03:18:32.428586');
INSERT INTO django_admin_log VALUES(22,'2','menu2',2,'[{"changed": {"fields": ["url"]}}]',7,1,'2023-01-10 03:19:45.894474');
INSERT INTO django_admin_log VALUES(23,'2','menu2',2,'[{"changed": {"fields": ["url"]}}]',7,1,'2023-01-10 03:19:53.330114');
INSERT INTO django_admin_log VALUES(24,'1','menu',2,'[{"changed": {"fields": ["url"]}}]',7,1,'2023-01-10 03:20:58.027395');
INSERT INTO django_admin_log VALUES(25,'1','menu',2,'[{"changed": {"fields": ["url"]}}]',7,1,'2023-01-10 03:25:21.971205');
INSERT INTO django_admin_log VALUES(26,'1','menu',2,'[{"changed": {"fields": ["url"]}}]',7,1,'2023-01-10 03:25:35.736369');
INSERT INTO django_admin_log VALUES(27,'2','menu2',2,'[]',7,1,'2023-01-10 03:27:17.491089');
INSERT INTO django_admin_log VALUES(28,'2','menu2',2,'[{"changed": {"fields": ["url"]}}]',7,1,'2023-01-10 03:27:24.336030');
INSERT INTO django_admin_log VALUES(29,'1','menu',2,'[{"changed": {"fields": ["url"]}}]',7,1,'2023-01-10 03:28:15.123754');
INSERT INTO django_admin_log VALUES(30,'2','menu2',2,'[{"changed": {"fields": ["url"]}}]',7,1,'2023-01-10 03:28:26.548089');
INSERT INTO django_admin_log VALUES(31,'2','menu2',2,'[]',7,1,'2023-01-10 03:28:31.282844');
INSERT INTO django_admin_log VALUES(32,'3','qwf',1,'[{"added": {}}]',7,1,'2023-01-10 03:29:59.347516');
INSERT INTO django_admin_log VALUES(33,'4','name',1,'[{"added": {}}]',7,1,'2023-01-10 15:09:28.118805');
INSERT INTO django_admin_log VALUES(34,'4','name',3,'',7,1,'2023-01-10 15:09:42.948607');
INSERT INTO django_admin_log VALUES(35,'5','name',1,'[{"added": {}}]',7,1,'2023-01-10 15:10:19.215930');
INSERT INTO django_admin_log VALUES(36,'5','name',2,'[{"changed": {"fields": ["url"]}}]',7,1,'2023-01-10 15:11:05.199262');
INSERT INTO django_admin_log VALUES(37,'5','name',2,'[{"changed": {"fields": ["url"]}}]',7,1,'2023-01-10 15:11:30.663321');
INSERT INTO django_admin_log VALUES(38,'5','name',2,'[{"changed": {"fields": ["url"]}}]',7,1,'2023-01-10 15:13:03.334637');
INSERT INTO django_admin_log VALUES(39,'5','name',2,'[{"changed": {"fields": ["url"]}}]',7,1,'2023-01-10 15:13:25.037560');
INSERT INTO django_admin_log VALUES(40,'5','name',2,'[{"changed": {"fields": ["url"]}}]',7,1,'2023-01-10 15:14:44.297958');
INSERT INTO django_admin_log VALUES(41,'5','name',2,'[{"changed": {"fields": ["url"]}}]',7,1,'2023-01-10 15:15:26.353909');
INSERT INTO django_admin_log VALUES(42,'5','name',2,'[{"changed": {"fields": ["url"]}}]',7,1,'2023-01-10 15:15:45.991956');
INSERT INTO django_admin_log VALUES(43,'5','name',2,'[{"changed": {"fields": ["url"]}}]',7,1,'2023-01-10 15:15:59.769292');
INSERT INTO django_admin_log VALUES(44,'6','name3',1,'[{"added": {}}]',7,1,'2023-01-10 15:34:12.965233');
INSERT INTO django_admin_log VALUES(45,'6','name3',2,'[]',7,1,'2023-01-10 15:34:40.336230');
INSERT INTO django_admin_log VALUES(46,'7','dsf',1,'[{"added": {}}]',7,1,'2023-01-10 15:34:56.426618');
INSERT INTO django_admin_log VALUES(47,'8','qwer',1,'[{"added": {}}]',7,1,'2023-01-10 15:35:18.162112');
INSERT INTO django_admin_log VALUES(48,'8','qwer',2,'[{"changed": {"fields": ["Parent"]}}]',7,1,'2023-01-10 15:35:29.701187');
INSERT INTO django_admin_log VALUES(49,'8','qwer',2,'[{"changed": {"fields": ["url"]}}]',7,1,'2023-01-10 15:35:52.818481');
INSERT INTO django_admin_log VALUES(50,'9','qwer1',1,'[{"added": {}}]',7,1,'2023-01-10 15:36:19.019287');
INSERT INTO django_admin_log VALUES(51,'9','qwer1',2,'[]',7,1,'2023-01-10 15:36:34.606790');
INSERT INTO django_admin_log VALUES(52,'9','qwer1',3,'',7,1,'2023-01-10 23:48:44.191271');
INSERT INTO django_admin_log VALUES(53,'8','qwer',3,'',7,1,'2023-01-10 23:48:44.204177');
INSERT INTO django_admin_log VALUES(54,'7','dsf',3,'',7,1,'2023-01-10 23:48:44.208177');
INSERT INTO django_admin_log VALUES(55,'6','name3',3,'',7,1,'2023-01-10 23:48:44.211177');
INSERT INTO django_admin_log VALUES(56,'5','name',3,'',7,1,'2023-01-10 23:48:44.214178');
INSERT INTO django_admin_log VALUES(57,'3','qwf',3,'',7,1,'2023-01-10 23:48:44.217177');
INSERT INTO django_admin_log VALUES(58,'2','menu2',3,'',7,1,'2023-01-10 23:48:44.220217');
INSERT INTO django_admin_log VALUES(59,'10','menu1',1,'[{"added": {}}]',7,1,'2023-01-11 00:00:10.485244');
INSERT INTO django_admin_log VALUES(60,'11','menu2',1,'[{"added": {}}]',7,1,'2023-01-11 00:00:30.523140');
INSERT INTO django_admin_log VALUES(61,'12','menu3',1,'[{"added": {}}]',7,1,'2023-01-11 00:00:54.702150');
INSERT INTO django_admin_log VALUES(62,'13','menu4',1,'[{"added": {}}]',7,1,'2023-01-11 00:01:19.902104');
INSERT INTO django_admin_log VALUES(63,'14','menu5',1,'[{"added": {}}]',7,1,'2023-01-11 00:03:52.651192');
INSERT INTO django_admin_log VALUES(64,'14','menu5',2,'[{"changed": {"fields": ["Parent"]}}]',7,1,'2023-01-11 00:04:01.458786');
INSERT INTO django_admin_log VALUES(65,'16','menu6',1,'[{"added": {}}]',7,1,'2023-01-11 01:20:59.197507');
INSERT INTO django_admin_log VALUES(66,'16','menu6',2,'[]',7,1,'2023-01-11 01:21:04.133138');
INSERT INTO django_admin_log VALUES(67,'16','menu6',2,'[{"changed": {"fields": ["Parent"]}}]',7,1,'2023-01-11 01:21:44.064519');
INSERT INTO django_admin_log VALUES(68,'16','menu6',2,'[]',7,1,'2023-01-11 01:59:11.612301');
INSERT INTO django_admin_log VALUES(69,'16','menu6',2,'[]',7,1,'2023-01-11 01:59:17.531146');
INSERT INTO django_admin_log VALUES(70,'16','menu6',2,'[]',7,1,'2023-01-11 02:02:51.658725');
INSERT INTO django_admin_log VALUES(71,'16','menu6',2,'[]',7,1,'2023-01-11 02:03:08.558537');
INSERT INTO django_admin_log VALUES(72,'16','menu6',2,'[{"changed": {"fields": ["Named url"]}}]',7,1,'2023-01-11 02:09:13.989329');
INSERT INTO django_admin_log VALUES(73,'17','test1',1,'[{"added": {}}]',7,1,'2023-01-11 06:15:35.039152');
INSERT INTO django_admin_log VALUES(74,'18','test2',1,'[{"added": {}}]',7,1,'2023-01-11 06:17:25.263565');
INSERT INTO django_admin_log VALUES(75,'13','menu4',2,'[{"changed": {"fields": ["url"]}}]',7,1,'2023-01-11 10:36:44.305993');
INSERT INTO django_admin_log VALUES(76,'19','test123',1,'[{"added": {}}]',7,1,'2023-01-11 22:32:17.172561');
INSERT INTO django_admin_log VALUES(77,'20','regerg',1,'[{"added": {}}]',7,1,'2023-01-12 23:24:07.316269');
INSERT INTO django_admin_log VALUES(78,'21','kkk',1,'[{"added": {}}]',7,1,'2023-01-13 04:19:15.184435');
INSERT INTO django_admin_log VALUES(79,'21','kkk',2,'[{"changed": {"fields": ["Named url"]}}]',7,1,'2023-01-13 04:37:08.416139');
INSERT INTO django_admin_log VALUES(80,'21','kkk',3,'',7,1,'2023-01-13 04:44:29.390545');
INSERT INTO django_admin_log VALUES(81,'22','asdfasf',1,'[{"added": {}}]',7,1,'2023-01-13 04:44:49.704951');
INSERT INTO django_admin_log VALUES(82,'22','asdfasf',3,'',7,1,'2023-01-13 05:11:35.363461');
INSERT INTO django_admin_log VALUES(83,'20','regerg',3,'',7,1,'2023-01-13 05:11:35.379048');
INSERT INTO django_admin_log VALUES(84,'19','test123',3,'',7,1,'2023-01-13 05:11:35.384051');
INSERT INTO django_admin_log VALUES(85,'18','test2',3,'',7,1,'2023-01-13 05:11:35.387046');
INSERT INTO django_admin_log VALUES(86,'17','test1',3,'',7,1,'2023-01-13 05:11:35.391045');
INSERT INTO django_admin_log VALUES(87,'16','menu6',3,'',7,1,'2023-01-13 05:11:35.395145');
INSERT INTO django_admin_log VALUES(88,'15','test',3,'',7,1,'2023-01-13 05:11:35.398145');
INSERT INTO django_admin_log VALUES(89,'14','menu5',3,'',7,1,'2023-01-13 05:11:35.401365');
INSERT INTO django_admin_log VALUES(90,'13','menu4',3,'',7,1,'2023-01-13 05:11:35.404366');
INSERT INTO django_admin_log VALUES(91,'12','menu3',3,'',7,1,'2023-01-13 05:11:35.408366');
INSERT INTO django_admin_log VALUES(92,'11','menu2',3,'',7,1,'2023-01-13 05:11:35.410367');
INSERT INTO django_admin_log VALUES(93,'10','menu1',3,'',7,1,'2023-01-13 05:11:35.414368');
INSERT INTO django_admin_log VALUES(94,'1','menu',3,'',7,1,'2023-01-13 05:11:35.417366');
INSERT INTO django_admin_log VALUES(95,'23','menu',1,'[{"added": {}}]',7,1,'2023-01-13 05:15:26.251551');
INSERT INTO django_admin_log VALUES(96,'24','menu1',1,'[{"added": {}}]',7,1,'2023-01-13 05:16:38.447079');
INSERT INTO django_admin_log VALUES(97,'25','menu2',1,'[{"added": {}}]',7,1,'2023-01-13 05:18:07.665233');
INSERT INTO django_admin_log VALUES(98,'26','menu3',1,'[{"added": {}}]',7,1,'2023-01-13 05:18:51.621013');
INSERT INTO django_admin_log VALUES(99,'27','menu4',1,'[{"added": {}}]',7,1,'2023-01-13 05:19:24.626949');
INSERT INTO django_admin_log VALUES(100,'28','menu5',1,'[{"added": {}}]',7,1,'2023-01-15 22:58:26.321330');
INSERT INTO django_admin_log VALUES(101,'29','menu6',1,'[{"added": {}}]',7,1,'2023-01-16 00:44:51.001494');
INSERT INTO django_admin_log VALUES(102,'29','menu6',2,'[]',7,1,'2023-01-16 00:45:16.662999');
INSERT INTO django_admin_log VALUES(103,'30','menu7',1,'[{"added": {}}]',7,1,'2023-01-16 00:45:50.155656');
INSERT INTO django_admin_log VALUES(104,'24','menu1',2,'[{"changed": {"fields": ["url"]}}]',7,1,'2023-01-16 00:50:43.249356');
INSERT INTO django_admin_log VALUES(105,'23','menu',2,'[{"changed": {"fields": ["url"]}}]',7,1,'2023-01-16 00:52:03.634814');
INSERT INTO django_admin_log VALUES(106,'25','menu2',2,'[{"changed": {"fields": ["Named url"]}}]',7,1,'2023-01-16 00:52:18.914981');
INSERT INTO django_admin_log VALUES(107,'23','menu',2,'[]',7,1,'2023-01-16 00:52:47.973857');
INSERT INTO django_admin_log VALUES(108,'24','menu1',2,'[]',7,1,'2023-01-16 00:52:56.893782');
INSERT INTO django_admin_log VALUES(109,'30','menu7',2,'[{"changed": {"fields": ["Named url"]}}]',7,1,'2023-01-16 00:54:23.750366');
INSERT INTO django_admin_log VALUES(110,'30','menu7',2,'[{"changed": {"fields": ["Named url"]}}]',7,1,'2023-01-16 00:55:07.222409');
INSERT INTO django_admin_log VALUES(111,'30','menu7',2,'[{"changed": {"fields": ["Named url"]}}]',7,1,'2023-01-16 00:58:16.600554');
INSERT INTO django_admin_log VALUES(112,'26','menu3',2,'[{"changed": {"fields": ["url"]}}]',7,1,'2023-01-16 01:02:11.837877');
CREATE TABLE IF NOT EXISTS "django_content_type" ("id" integer NOT NULL PRIMARY KEY AUTOINCREMENT, "app_label" varchar(100) NOT NULL, "model" varchar(100) NOT NULL);
INSERT INTO django_content_type VALUES(1,'admin','logentry');
INSERT INTO django_content_type VALUES(2,'auth','permission');
INSERT INTO django_content_type VALUES(3,'auth','group');
INSERT INTO django_content_type VALUES(4,'auth','user');
INSERT INTO django_content_type VALUES(5,'contenttypes','contenttype');
INSERT INTO django_content_type VALUES(6,'sessions','session');
INSERT INTO django_content_type VALUES(7,'menu','menu');
CREATE TABLE IF NOT EXISTS "auth_permission" ("id" integer NOT NULL PRIMARY KEY AUTOINCREMENT, "content_type_id" integer NOT NULL REFERENCES "django_content_type" ("id") DEFERRABLE INITIALLY DEFERRED, "codename" varchar(100) NOT NULL, "name" varchar(255) NOT NULL);
INSERT INTO auth_permission VALUES(1,1,'add_logentry','Can add log entry');
INSERT INTO auth_permission VALUES(2,1,'change_logentry','Can change log entry');
INSERT INTO auth_permission VALUES(3,1,'delete_logentry','Can delete log entry');
INSERT INTO auth_permission VALUES(4,1,'view_logentry','Can view log entry');
INSERT INTO auth_permission VALUES(5,2,'add_permission','Can add permission');
INSERT INTO auth_permission VALUES(6,2,'change_permission','Can change permission');
INSERT INTO auth_permission VALUES(7,2,'delete_permission','Can delete permission');
INSERT INTO auth_permission VALUES(8,2,'view_permission','Can view permission');
INSERT INTO auth_permission VALUES(9,3,'add_group','Can add group');
INSERT INTO auth_permission VALUES(10,3,'change_group','Can change group');
INSERT INTO auth_permission VALUES(11,3,'delete_group','Can delete group');
INSERT INTO auth_permission VALUES(12,3,'view_group','Can view group');
INSERT INTO auth_permission VALUES(13,4,'add_user','Can add user');
INSERT INTO auth_permission VALUES(14,4,'change_user','Can change user');
INSERT INTO auth_permission VALUES(15,4,'delete_user','Can delete user');
INSERT INTO auth_permission VALUES(16,4,'view_user','Can view user');
INSERT INTO auth_permission VALUES(17,5,'add_contenttype','Can add content type');
INSERT INTO auth_permission VALUES(18,5,'change_contenttype','Can change content type');
INSERT INTO auth_permission VALUES(19,5,'delete_contenttype','Can delete content type');
INSERT INTO auth_permission VALUES(20,5,'view_contenttype','Can view content type');
INSERT INTO auth_permission VALUES(21,6,'add_session','Can add session');
INSERT INTO auth_permission VALUES(22,6,'change_session','Can change session');
INSERT INTO auth_permission VALUES(23,6,'delete_session','Can delete session');
INSERT INTO auth_permission VALUES(24,6,'view_session','Can view session');
INSERT INTO auth_permission VALUES(25,7,'add_menu','Can add menu');
INSERT INTO auth_permission VALUES(26,7,'change_menu','Can change menu');
INSERT INTO auth_permission VALUES(27,7,'delete_menu','Can delete menu');
INSERT INTO auth_permission VALUES(28,7,'view_menu','Can view menu');
CREATE TABLE IF NOT EXISTS "auth_group" ("id" integer NOT NULL PRIMARY KEY AUTOINCREMENT, "name" varchar(150) NOT NULL UNIQUE);
CREATE TABLE IF NOT EXISTS "auth_user" ("id" integer NOT NULL PRIMARY KEY AUTOINCREMENT, "password" varchar(128) NOT NULL, "last_login" datetime NULL, "is_superuser" bool NOT NULL, "username" varchar(150) NOT NULL UNIQUE, "last_name" varchar(150) NOT NULL, "email" varchar(254) NOT NULL, "is_staff" bool NOT NULL, "is_active" bool NOT NULL, "date_joined" datetime NOT NULL, "first_name" varchar(150) NOT NULL);
INSERT INTO auth_user VALUES(1,'pbkdf2_sha256$390000$JYBNzydWxZaETdaDfj0tTf$aJdqncOfh+nMSmPVPRB+PikRhY1iE97MAsLVNFxfd3I=','2023-01-16 01:22:48.182921',1,'admin','','',1,1,'2023-01-10 02:29:27.567288','');
CREATE TABLE IF NOT EXISTS "menu_menu" ("id" integer NOT NULL PRIMARY KEY AUTOINCREMENT, "name" varchar(255) NOT NULL, "named_url" varchar(255) NULL UNIQUE, "url" varchar(255) NULL UNIQUE, "parent_id" bigint NULL REFERENCES "menu_menu" ("id") DEFERRABLE INITIALLY DEFERRED);
INSERT INTO menu_menu VALUES(23,'menu',NULL,'/menu/',NULL);
INSERT INTO menu_menu VALUES(24,'menu1',NULL,'/menu/menu1/',23);
INSERT INTO menu_menu VALUES(25,'menu2','menu:menu menu2',NULL,23);
INSERT INTO menu_menu VALUES(26,'menu3',NULL,'/menu/menu1/menu3/',24);
INSERT INTO menu_menu VALUES(27,'menu4',NULL,NULL,26);
INSERT INTO menu_menu VALUES(28,'menu5',NULL,NULL,27);
INSERT INTO menu_menu VALUES(29,'menu6',NULL,NULL,25);
INSERT INTO menu_menu VALUES(30,'menu7','menu:menu menu7',NULL,25);
CREATE TABLE IF NOT EXISTS "django_session" ("session_key" varchar(40) NOT NULL PRIMARY KEY, "session_data" text NOT NULL, "expire_date" datetime NOT NULL);
INSERT INTO django_session VALUES('7dboknc859ioc3t21s4m4mqodmsq28w6','.eJxVjDsOwjAQBe_iGln-LbYp6TmDtRuvcQA5UpxUiLuTSCmgfTPz3iLhutS0dp7TmMVFaHH63QiHJ7cd5Ae2-ySHqS3zSHJX5EG7vE2ZX9fD_Tuo2OtWO2Cy52KVQWOJIkLAjMX5XAqHoMmj8jkG68CpYCOYyJojOG8AN118vup5N7E:1pF4S2:8O3jz1dVgooq__Uf4xxCMVQWDKbhk7PsiaOYRxOt54g','2023-01-24 02:33:22.708684');
INSERT INTO django_session VALUES('2n53rhfyezmk5ru8e1vvg8lhx801srmr','.eJxVjDsOwjAQBe_iGln-LbYp6TmDtRuvcQA5UpxUiLuTSCmgfTPz3iLhutS0dp7TmMVFaHH63QiHJ7cd5Ae2-ySHqS3zSHJX5EG7vE2ZX9fD_Tuo2OtWO2Cy52KVQWOJIkLAjMX5XAqHoMmj8jkG68CpYCOYyJojOG8AN118vup5N7E:1pFPI3:iOKh7fwtoqLGtgPXBczulTfrUFRCNK6yDTADqsLPiJ8','2023-01-25 00:48:27.275193');
INSERT INTO django_session VALUES('yaiogwea9llh6zyrnkrwco4klq4277dq','.eJxVjDsOwjAQBe_iGln-LbYp6TmDtRuvcQA5UpxUiLuTSCmgfTPz3iLhutS0dp7TmMVFaHH63QiHJ7cd5Ae2-ySHqS3zSHJX5EG7vE2ZX9fD_Tuo2OtWO2Cy52KVQWOJIkLAjMX5XAqHoMmj8jkG68CpYCOYyJojOG8AN118vup5N7E:1pHED2:jhffOn_q375v_6jFhhefGWSRS8C7oZ3DQ1Rdr4TgFK4','2023-01-30 01:22:48.250787');
DELETE FROM sqlite_sequence;
INSERT INTO sqlite_sequence VALUES('django_migrations',22);
INSERT INTO sqlite_sequence VALUES('django_admin_log',112);
INSERT INTO sqlite_sequence VALUES('django_content_type',7);
INSERT INTO sqlite_sequence VALUES('auth_permission',28);
INSERT INTO sqlite_sequence VALUES('auth_group',0);
INSERT INTO sqlite_sequence VALUES('auth_user',1);
INSERT INTO sqlite_sequence VALUES('menu_menu',30);
CREATE UNIQUE INDEX "auth_group_permissions_group_id_permission_id_0cd325b0_uniq" ON "auth_group_permissions" ("group_id", "permission_id");
CREATE INDEX "auth_group_permissions_group_id_b120cbf9" ON "auth_group_permissions" ("group_id");
CREATE INDEX "auth_group_permissions_permission_id_84c5c92e" ON "auth_group_permissions" ("permission_id");
CREATE UNIQUE INDEX "auth_user_groups_user_id_group_id_94350c0c_uniq" ON "auth_user_groups" ("user_id", "group_id");
CREATE INDEX "auth_user_groups_user_id_6a12ed8b" ON "auth_user_groups" ("user_id");
CREATE INDEX "auth_user_groups_group_id_97559544" ON "auth_user_groups" ("group_id");
CREATE UNIQUE INDEX "auth_user_user_permissions_user_id_permission_id_14a6b632_uniq" ON "auth_user_user_permissions" ("user_id", "permission_id");
CREATE INDEX "auth_user_user_permissions_user_id_a95ead1b" ON "auth_user_user_permissions" ("user_id");
CREATE INDEX "auth_user_user_permissions_permission_id_1fbb5f2c" ON "auth_user_user_permissions" ("permission_id");
CREATE INDEX "django_admin_log_content_type_id_c4bce8eb" ON "django_admin_log" ("content_type_id");
CREATE INDEX "django_admin_log_user_id_c564eba6" ON "django_admin_log" ("user_id");
CREATE UNIQUE INDEX "django_content_type_app_label_model_76bd3d3b_uniq" ON "django_content_type" ("app_label", "model");
CREATE UNIQUE INDEX "auth_permission_content_type_id_codename_01ab375a_uniq" ON "auth_permission" ("content_type_id", "codename");
CREATE INDEX "auth_permission_content_type_id_2f476e4b" ON "auth_permission" ("content_type_id");
CREATE INDEX "menu_menu_parent_id_a0981d51" ON "menu_menu" ("parent_id");
CREATE INDEX "django_session_expire_date_a5c62663" ON "django_session" ("expire_date");
COMMIT;
